Roll No,Name,Email,Status,Notes
2026-CS-0101,Aarav Sharma,aarav.sharma@school.edu,present,Regular Attendee
2026-CS-0102,Diya Patel,diya.patel@school.edu,present,Dean's List
2026-CS-0103,Rohan Gupta,rohan.gupta@school.edu,late,Bus delay (15 min)
2026-CS-0104,Ananya Iyer,ananya.iyer@school.edu,present,Active participant
2026-CS-0105,Kabir Singh,kabir.singh@school.edu,absent,Medical Leave
2026-CS-0106,Ishaan Verma,ishaan.verma@school.edu,present,Regular
2026-CS-0107,Meera Nambiar,meera.nambiar@school.edu,present,Class Representative
2026-CS-0108,Siddharth Rao,siddharth.rao@school.edu,present,Regular
2026-CS-0109,Pooja Reddy,pooja.reddy@school.edu,late,Late check-in
2026-CS-0110,Vikram Malhotra,vikram.m@school.edu,present,Lab Lead
2026-CS-0111,Tanvi Deshmukh,tanvi.d@school.edu,excused,Sports tournament
2026-CS-0112,Aditya Joshi,aditya.joshi@school.edu,present,Regular
2026-CS-0113,Sneha Kulkarni,sneha.k@school.edu,present,Regular
2026-CS-0114,Arjun Nair,arjun.nair@school.edu,absent,Sick leave
2026-CS-0115,Rhea Sen,rhea.sen@school.edu,present,Regular
2026-CS-0116,Devansh Bansal,devansh.b@school.edu,present,Regular
2026-CS-0117,Kriti Agarwal,kriti.a@school.edu,present,Regular
2026-CS-0118,Manish Pandey,manish.p@school.edu,late,Transit delay
2026-CS-0119,Shreya Bose,shreya.bose@school.edu,present,Regular
2026-CS-0120,Naveen Kumar,naveen.k@school.edu,present,Regular

