Roll No,Student Name,Email,Attendance Status
2026-CS-001,Aarav Sharma,aarav.sharma@student.edu,Present
2026-CS-002,Aditi Rao,aditi.rao@student.edu,Present
2026-CS-003,Ananya Iyer,ananya.iyer@student.edu,Absent
2026-CS-004,Arjun Verma,arjun.verma@student.edu,Present
2026-CS-005,Devansh Gupta,devansh.gupta@student.edu,Late
2026-CS-006,Diya Patel,diya.patel@student.edu,Present
2026-CS-007,Ishaan Malhotra,ishaan.malhotra@student.edu,Present
2026-CS-008,Kavya Nair,kavya.nair@student.edu,Excused
2026-CS-009,Manish Joshi,manish.joshi@student.edu,Present
2026-CS-010,Meera Deshmukh,meera.deshmukh@student.edu,Present
2026-CS-011,Nikhil Yadav,nikhil.yadav@student.edu,Present
2026-CS-012,Pooja Hegde,pooja.hegde@student.edu,Absent
2026-CS-013,Pranav Kulkarni,pranav.kulkarni@student.edu,Present
2026-CS-014,Rhea Sen,rhea.sen@student.edu,Present
2026-CS-015,Rohan Mehta,rohan.mehta@student.edu,Present
2026-CS-016,Siddharth Bansal,siddharth.bansal@student.edu,Late
2026-CS-017,Sneha Reddy,sneha.reddy@student.edu,Present
2026-CS-018,Tanvi Kapoor,tanvi.kapoor@student.edu,Present
2026-CS-019,Varun Chopra,varun.chopra@student.edu,Absent
2026-CS-020,Zoya Khan,zoya.khan@student.edu,Present

